<refentry xmlns="http://docbook.org/ns/docbook" version="5.0" xml:base="" xml:id="eglDestroyContext">
    <info>
         <copyright>
             <year>2003-2014</year>
             <holder>The Khronos Group Inc.</holder>
         </copyright>
    </info>
    <refmeta>
        <refentrytitle>eglDestroyContext</refentrytitle>
        <manvolnum>3G</manvolnum>
    </refmeta>
    <refnamediv>
        <refname>eglDestroyContext</refname>
        <refpurpose>
            destroy an <acronym>EGL</acronym> rendering context
        </refpurpose>
    </refnamediv>
    <refsynopsisdiv>
        <title>C Specification</title>
        <funcsynopsis>
            <funcprototype>
                <funcdef>EGLBoolean <function>eglDestroyContext</function></funcdef>
                <paramdef>EGLDisplay <parameter>display</parameter></paramdef>
                <paramdef>EGLContext <parameter>context</parameter></paramdef>
            </funcprototype>
        </funcsynopsis>
    </refsynopsisdiv>
    <refsect1 xml:id="parameters"><title>Parameters</title>
        <variablelist>
            <varlistentry>
                <term><parameter>display</parameter></term>
                <listitem><para>Specifies the EGL display connection.</para></listitem>
            </varlistentry>
            <varlistentry>
                <term><parameter>context</parameter></term>
                <listitem><para>Specifies the EGL rendering context to be destroyed.
                </para></listitem>
            </varlistentry>
        </variablelist>
    </refsect1>
    <refsect1 xml:id="description"><title>Description</title>
        <para>
            If the EGL rendering context <parameter>context</parameter> is not
            current to any thread,
            <function>eglDestroyContext</function> destroys it immediately.
            Otherwise, <parameter>context</parameter> is destroyed when it becomes
            not current to any thread.
        </para>
    </refsect1>
    <refsect1 xml:id="errors"><title>Errors</title>
        <para>
            <constant>EGL_FALSE</constant> is returned if destruction of
            the context fails, <constant>EGL_TRUE</constant> otherwise.
        </para>
        <para>
            <constant>EGL_BAD_DISPLAY</constant> is generated if
            <parameter>display</parameter> is not an EGL display connection.
        </para>
        <para>
            <constant>EGL_NOT_INITIALIZED</constant> is generated if
            <parameter>display</parameter> has not been initialized.
        </para>
        <para>
            <constant>EGL_BAD_CONTEXT</constant> is generated if
            <parameter>context</parameter> is not an EGL rendering context.
        </para>
    </refsect1>
    <refsect1 xml:id="seealso"><title>See Also</title>
        <para>
            <citerefentry><refentrytitle>eglCreateContext</refentrytitle></citerefentry>,
            <citerefentry><refentrytitle>eglMakeCurrent</refentrytitle></citerefentry>
        </para>
    </refsect1>
    <xi:include xmlns:xi="http://www.w3.org/2001/XInclude" href="copyright.xml"/>
</refentry>
