<?xml version="1.0" encoding="UTF-8"?>
<!DOCTYPE book PUBLIC "-//OASIS//DTD DocBook MathML Module V1.1b1//EN"
                            "http://www.oasis-open.org/docbook/xml/mathml/1.1CR1/dbmathml.dtd">
<refentry xml:base="" id="eglGetCurrentContext">
    <refentryinfo>
         <copyright>
             <year>2003-2014</year>
             <holder>The Khronos Group Inc.</holder>
         </copyright>
    </refentryinfo>
    <refmeta>
        <refentrytitle>eglGetCurrentContext</refentrytitle>
        <manvolnum>3G</manvolnum>
    </refmeta>
    <refnamediv>
        <refname>eglGetCurrentContext</refname>
        <refpurpose>
            return the current <acronym>EGL</acronym> rendering context
        </refpurpose>
    </refnamediv>
    <refsynopsisdiv>
        <title>C Specification</title>
        <funcsynopsis>
            <funcprototype>
                <funcdef>EGLContext <function>eglGetCurrentContext</function></funcdef>
                <void/>
            </funcprototype>
        </funcsynopsis>
    </refsynopsisdiv>
    <refsect1 id="description"><title>Description</title>
        <para>
            <function>eglGetCurrentContext</function> returns the current
            <acronym>EGL</acronym> rendering context, as specified by
            <citerefentry><refentrytitle>eglMakeCurrent</refentrytitle></citerefentry>.
            If no context is current, <constant>EGL_NO_CONTEXT</constant> is returned.
        </para>
    </refsect1>
    <refsect1 id="seealso"><title>See Also</title>
        <para>
            <citerefentry><refentrytitle>eglCreateContext</refentrytitle></citerefentry>,
            <citerefentry><refentrytitle>eglMakeCurrent</refentrytitle></citerefentry>
        </para>
    </refsect1>
    <refsect3 id="Copyright"><title></title>
        <!-- Content included from copyright.inc.xsl -->
        <imageobject>
                <imagedata fileref="KhronosLogo.jpg" format="jpg" />
        </imageobject>
        <para />
    </refsect3>
</refentry>
